_id,Index_,ReportedYear,Category,Subtype,AssaultSubtype,Sex,AgeGroup,AgeCohort,Count_,ObjectId,geometry
1,NA,2014,Crimes Against the Person,Assault,Aggravated Peace Officer,M,Adult,25-34,2,1,null
2,NA,2014,Crimes Against the Person,Assault,Aggravated Peace Officer,M,Adult,55-64,1,2,null
3,NA,2014,Crimes Against the Person,Assault,Assault Peace Officer,F,Adult,18-24,1,3,null
4,NA,2014,Crimes Against the Person,Assault,Assault Peace Officer,F,Adult,25-34,5,4,null
5,NA,2014,Crimes Against the Person,Assault,Assault Peace Officer,F,Adult,35-44,3,5,null
6,NA,2014,Crimes Against the Person,Assault,Assault Peace Officer,F,Adult,45-54,1,6,null
7,NA,2014,Crimes Against the Person,Assault,Assault Peace Officer,F,Adult,55-64,1,7,null
8,NA,2014,Crimes Against the Person,Assault,Assault Peace Officer,F,Unknown,Unknown,55,8,null
9,NA,2014,Crimes Against the Person,Assault,Assault Peace Officer,M,Adult,18-24,2,9,null
10,NA,2014,Crimes Against the Person,Assault,Assault Peace Officer,M,Adult,25-34,21,10,null
11,NA,2014,Crimes Against the Person,Assault,Assault Peace Officer,M,Adult,35-44,19,11,null
12,NA,2014,Crimes Against the Person,Assault,Assault Peace Officer,M,Adult,45-54,14,12,null
13,NA,2014,Crimes Against the Person,Assault,Assault Peace Officer,M,Adult,55-64,1,13,null
14,NA,2014,Crimes Against the Person,Assault,Assault Peace Officer,M,Unknown,Unknown,283,14,null
15,NA,2014,Crimes Against the Person,Assault,Assault Peace Officer Weapon/Bodily Harm,F,Adult,25-34,1,15,null
16,NA,2014,Crimes Against the Person,Assault,Assault Peace Officer Weapon/Bodily Harm,F,Adult,35-44,1,16,null
17,NA,2014,Crimes Against the Person,Assault,Assault Peace Officer Weapon/Bodily Harm,F,Unknown,Unknown,3,17,null
18,NA,2014,Crimes Against the Person,Assault,Assault Peace Officer Weapon/Bodily Harm,M,Adult,25-34,4,18,null
19,NA,2014,Crimes Against the Person,Assault,Assault Peace Officer Weapon/Bodily Harm,M,Adult,35-44,2,19,null
20,NA,2014,Crimes Against the Person,Assault,Assault Peace Officer Weapon/Bodily Harm,M,Adult,45-54,1,20,null
21,NA,2014,Crimes Against the Person,Assault,Assault Peace Officer Weapon/Bodily Harm,M,Unknown,Unknown,23,21,null
22,NA,2014,Crimes Against the Person,Assault,Assault Resist Arrest,F,Adult,18-24,1,22,null
23,NA,2014,Crimes Against the Person,Assault,Assault Resist Arrest,F,Adult,25-34,22,23,null
24,NA,2014,Crimes Against the Person,Assault,Assault Resist Arrest,F,Adult,35-44,4,24,null
25,NA,2014,Crimes Against the Person,Assault,Assault Resist Arrest,F,Adult,45-54,1,25,null
26,NA,2014,Crimes Against the Person,Assault,Assault Resist Arrest,F,Unknown,Unknown,13,26,null
27,NA,2014,Crimes Against the Person,Assault,Assault Resist Arrest,M,Adult,18-24,33,27,null
28,NA,2014,Crimes Against the Person,Assault,Assault Resist Arrest,M,Adult,25-34,84,28,null
29,NA,2014,Crimes Against the Person,Assault,Assault Resist Arrest,M,Adult,35-44,35,29,null
30,NA,2014,Crimes Against the Person,Assault,Assault Resist Arrest,M,Adult,45-54,14,30,null
31,NA,2014,Crimes Against the Person,Assault,Assault Resist Arrest,M,Adult,55-64,5,31,null
32,NA,2014,Crimes Against the Person,Assault,Assault Resist Arrest,M,Adult,65+,1,32,null
33,NA,2014,Crimes Against the Person,Assault,Assault Resist Arrest,M,Unknown,Unknown,86,33,null
34,NA,2014,Crimes Against the Person,Assault,Other,F,Adult,18-24,1460,34,null
35,NA,2014,Crimes Against the Person,Assault,Other,F,Adult,25-34,1907,35,null
36,NA,2014,Crimes Against the Person,Assault,Other,F,Adult,35-44,1277,36,null
37,NA,2014,Crimes Against the Person,Assault,Other,F,Adult,45-54,920,37,null
38,NA,2014,Crimes Against the Person,Assault,Other,F,Adult,55-64,388,38,null
39,NA,2014,Crimes Against the Person,Assault,Other,F,Adult,65+,287,39,null
40,NA,2014,Crimes Against the Person,Assault,Other,F,Child,<12,325,40,null
41,NA,2014,Crimes Against the Person,Assault,Other,F,Unknown,Unknown,94,41,null
42,NA,2014,Crimes Against the Person,Assault,Other,F,Youth,12-17,525,42,null
43,NA,2014,Crimes Against the Person,Assault,Other,M,Adult,18-24,1056,43,null
44,NA,2014,Crimes Against the Person,Assault,Other,M,Adult,25-34,1668,44,null
45,NA,2014,Crimes Against the Person,Assault,Other,M,Adult,35-44,1141,45,null
46,NA,2014,Crimes Against the Person,Assault,Other,M,Adult,45-54,1185,46,null
47,NA,2014,Crimes Against the Person,Assault,Other,M,Adult,55-64,611,47,null
48,NA,2014,Crimes Against the Person,Assault,Other,M,Adult,65+,285,48,null
49,NA,2014,Crimes Against the Person,Assault,Other,M,Child,<12,507,49,null
50,NA,2014,Crimes Against the Person,Assault,Other,M,Unknown,Unknown,215,50,null
51,NA,2015,Crimes Against the Person,Robbery,N/A,M,Child,<12,16,51,null
52,NA,2015,Crimes Against the Person,Robbery,N/A,M,Unknown,Unknown,29,52,null
53,NA,2015,Crimes Against the Person,Robbery,N/A,M,Youth,12-17,615,53,null
54,NA,2015,Crimes Against the Person,Robbery,N/A,U,Adult,18-24,1,54,null
55,NA,2015,Crimes Against the Person,Sexual Violation,N/A,F,Adult,18-24,479,55,null
56,NA,2015,Crimes Against the Person,Sexual Violation,N/A,F,Adult,25-34,363,56,null
57,NA,2015,Crimes Against the Person,Sexual Violation,N/A,F,Adult,35-44,181,57,null
58,NA,2015,Crimes Against the Person,Sexual Violation,N/A,F,Adult,45-54,114,58,null
59,NA,2015,Crimes Against the Person,Sexual Violation,N/A,F,Adult,55-64,35,59,null
60,NA,2015,Crimes Against the Person,Sexual Violation,N/A,F,Adult,65+,33,60,null
61,NA,2015,Crimes Against the Person,Sexual Violation,N/A,F,Child,<12,233,61,null
62,NA,2015,Crimes Against the Person,Sexual Violation,N/A,F,Unknown,Unknown,22,62,null
63,NA,2015,Crimes Against the Person,Sexual Violation,N/A,F,Youth,12-17,409,63,null
64,NA,2015,Crimes Against the Person,Sexual Violation,N/A,M,Adult,18-24,41,64,null
65,NA,2015,Crimes Against the Person,Sexual Violation,N/A,M,Adult,25-34,31,65,null
66,NA,2015,Crimes Against the Person,Sexual Violation,N/A,M,Adult,35-44,15,66,null
67,NA,2015,Crimes Against the Person,Sexual Violation,N/A,M,Adult,45-54,14,67,null
68,NA,2015,Crimes Against the Person,Sexual Violation,N/A,M,Adult,55-64,4,68,null
69,NA,2015,Crimes Against the Person,Sexual Violation,N/A,M,Adult,65+,10,69,null
70,NA,2015,Crimes Against the Person,Sexual Violation,N/A,M,Child,<12,100,70,null
71,NA,2015,Crimes Against the Person,Sexual Violation,N/A,M,Unknown,Unknown,23,71,null
72,NA,2015,Crimes Against the Person,Sexual Violation,N/A,M,Youth,12-17,70,72,null
73,NA,2016,Crimes Against the Person,Assault,Aggravated Peace Officer,M,Unknown,Unknown,1,73,null
74,NA,2016,Crimes Against the Person,Assault,Assault Peace Officer,F,Adult,18-24,3,74,null
75,NA,2019,Crimes Against the Person,Assault,Other,M,Adult,65+,477,506,null
76,NA,2016,Crimes Against the Person,Assault,Assault Peace Officer,F,Adult,25-34,14,75,null
77,NA,2016,Crimes Against the Person,Assault,Assault Peace Officer,F,Adult,35-44,5,76,null
78,NA,2016,Crimes Against the Person,Assault,Assault Peace Officer,F,Adult,45-54,6,77,null
79,NA,2016,Crimes Against the Person,Assault,Assault Peace Officer,F,Unknown,Unknown,74,78,null
80,NA,2016,Crimes Against the Person,Assault,Assault Peace Officer,M,Adult,18-24,3,79,null
81,NA,2016,Crimes Against the Person,Assault,Assault Peace Officer,M,Adult,25-34,33,80,null
82,NA,2016,Crimes Against the Person,Assault,Assault Peace Officer,M,Adult,35-44,26,81,null
83,NA,2016,Crimes Against the Person,Assault,Assault Peace Officer,M,Adult,45-54,13,82,null
84,NA,2016,Crimes Against the Person,Assault,Assault Peace Officer,M,Adult,55-64,5,83,null
85,NA,2016,Crimes Against the Person,Assault,Assault Peace Officer,M,Adult,65+,1,84,null
86,NA,2016,Crimes Against the Person,Assault,Assault Peace Officer,M,Unknown,Unknown,276,85,null
87,NA,2016,Crimes Against the Person,Assault,Assault Peace Officer Weapon/Bodily Harm,F,Adult,35-44,2,86,null
88,NA,2016,Crimes Against the Person,Assault,Assault Peace Officer Weapon/Bodily Harm,F,Adult,45-54,1,87,null
89,NA,2016,Crimes Against the Person,Assault,Assault Peace Officer Weapon/Bodily Harm,F,Unknown,Unknown,13,88,null
90,NA,2016,Crimes Against the Person,Assault,Assault Peace Officer Weapon/Bodily Harm,M,Adult,25-34,1,89,null
91,NA,2016,Crimes Against the Person,Assault,Assault Peace Officer Weapon/Bodily Harm,M,Adult,45-54,5,90,null
92,NA,2016,Crimes Against the Person,Assault,Assault Peace Officer Weapon/Bodily Harm,M,Unknown,Unknown,26,91,null
93,NA,2016,Crimes Against the Person,Assault,Assault Resist Arrest,F,Adult,18-24,11,92,null
94,NA,2016,Crimes Against the Person,Assault,Assault Resist Arrest,F,Adult,25-34,13,93,null
95,NA,2016,Crimes Against the Person,Assault,Assault Resist Arrest,F,Adult,35-44,11,94,null
96,NA,2016,Crimes Against the Person,Assault,Assault Resist Arrest,F,Adult,45-54,2,95,null
97,NA,2016,Crimes Against the Person,Assault,Assault Resist Arrest,F,Adult,55-64,1,96,null
98,NA,2016,Crimes Against the Person,Assault,Assault Resist Arrest,F,Adult,65+,1,97,null
99,NA,2016,Crimes Against the Person,Assault,Assault Resist Arrest,F,Unknown,Unknown,9,98,null
100,NA,2016,Crimes Against the Person,Assault,Assault Resist Arrest,M,Adult,18-24,49,99,null
101,NA,2016,Crimes Against the Person,Assault,Assault Resist Arrest,M,Adult,25-34,80,100,null
102,NA,2014,Crimes Against the Person,Sexual Violation,N/A,M,Adult,18-24,23,101,null
103,NA,2014,Crimes Against the Person,Sexual Violation,N/A,M,Adult,25-34,29,102,null
104,NA,2014,Crimes Against the Person,Sexual Violation,N/A,M,Adult,35-44,9,103,null
105,NA,2014,Crimes Against the Person,Sexual Violation,N/A,M,Adult,45-54,13,104,null
106,NA,2014,Crimes Against the Person,Sexual Violation,N/A,M,Adult,55-64,7,105,null
107,NA,2014,Crimes Against the Person,Sexual Violation,N/A,M,Adult,65+,2,106,null
108,NA,2014,Crimes Against the Person,Sexual Violation,N/A,M,Child,<12,106,107,null
109,NA,2014,Crimes Against the Person,Sexual Violation,N/A,M,Unknown,Unknown,4,108,null
110,NA,2014,Crimes Against the Person,Sexual Violation,N/A,M,Youth,12-17,70,109,null
111,NA,2015,Crimes Against the Person,Assault,Aggravated Peace Officer,F,Unknown,Unknown,1,110,null
112,NA,2015,Crimes Against the Person,Assault,Assault Peace Officer,F,Adult,25-34,4,111,null
113,NA,2015,Crimes Against the Person,Assault,Assault Peace Officer,F,Adult,35-44,7,112,null
114,NA,2015,Crimes Against the Person,Assault,Assault Peace Officer,F,Adult,45-54,2,113,null
115,NA,2015,Crimes Against the Person,Assault,Assault Peace Officer,F,Adult,65+,2,114,null
116,NA,2015,Crimes Against the Person,Assault,Assault Peace Officer,F,Unknown,Unknown,74,115,null
117,NA,2015,Crimes Against the Person,Assault,Assault Peace Officer,M,Adult,18-24,1,116,null
118,NA,2015,Crimes Against the Person,Assault,Assault Peace Officer,M,Adult,25-34,26,117,null
119,NA,2015,Crimes Against the Person,Assault,Assault Peace Officer,M,Adult,35-44,25,118,null
120,NA,2015,Crimes Against the Person,Assault,Assault Peace Officer,M,Adult,45-54,10,119,null
121,NA,2015,Crimes Against the Person,Assault,Assault Peace Officer,M,Adult,55-64,3,120,null
122,NA,2015,Crimes Against the Person,Assault,Assault Peace Officer,M,Adult,65+,5,121,null
123,NA,2015,Crimes Against the Person,Assault,Assault Peace Officer,M,Unknown,Unknown,325,122,null
124,NA,2015,Crimes Against the Person,Assault,Assault Peace Officer,U,Unknown,Unknown,1,123,null
125,NA,2015,Crimes Against the Person,Assault,Assault Peace Officer Weapon/Bodily Harm,F,Adult,25-34,1,124,null
126,NA,2015,Crimes Against the Person,Assault,Assault Peace Officer Weapon/Bodily Harm,F,Unknown,Unknown,4,125,null
127,NA,2015,Crimes Against the Person,Assault,Assault Peace Officer Weapon/Bodily Harm,M,Adult,18-24,1,126,null
128,NA,2015,Crimes Against the Person,Assault,Assault Peace Officer Weapon/Bodily Harm,M,Adult,35-44,1,127,null
129,NA,2015,Crimes Against the Person,Assault,Assault Peace Officer Weapon/Bodily Harm,M,Adult,45-54,2,128,null
130,NA,2015,Crimes Against the Person,Assault,Assault Peace Officer Weapon/Bodily Harm,M,Adult,55-64,1,129,null
131,NA,2015,Crimes Against the Person,Assault,Assault Peace Officer Weapon/Bodily Harm,M,Unknown,Unknown,21,130,null
132,NA,2015,Crimes Against the Person,Assault,Assault Resist Arrest,F,Adult,18-24,10,131,null
133,NA,2015,Crimes Against the Person,Assault,Assault Resist Arrest,F,Adult,25-34,16,132,null
134,NA,2015,Crimes Against the Person,Assault,Assault Resist Arrest,F,Adult,35-44,4,133,null
135,NA,2015,Crimes Against the Person,Assault,Assault Resist Arrest,F,Adult,45-54,3,134,null
136,NA,2015,Crimes Against the Person,Assault,Assault Resist Arrest,F,Adult,55-64,2,135,null
137,NA,2015,Crimes Against the Person,Assault,Assault Resist Arrest,F,Adult,65+,1,136,null
138,NA,2015,Crimes Against the Person,Assault,Assault Resist Arrest,F,Unknown,Unknown,7,137,null
139,NA,2015,Crimes Against the Person,Assault,Assault Resist Arrest,M,Adult,18-24,34,138,null
140,NA,2015,Crimes Against the Person,Assault,Assault Resist Arrest,M,Adult,25-34,84,139,null
141,NA,2015,Crimes Against the Person,Assault,Assault Resist Arrest,M,Adult,35-44,31,140,null
142,NA,2015,Crimes Against the Person,Assault,Assault Resist Arrest,M,Adult,45-54,19,141,null
143,NA,2015,Crimes Against the Person,Assault,Assault Resist Arrest,M,Adult,55-64,3,142,null
144,NA,2015,Crimes Against the Person,Assault,Assault Resist Arrest,M,Adult,65+,3,143,null
145,NA,2015,Crimes Against the Person,Assault,Assault Resist Arrest,M,Unknown,Unknown,86,144,null
146,NA,2015,Crimes Against the Person,Assault,Other,F,Adult,18-24,1458,145,null
147,NA,2015,Crimes Against the Person,Assault,Other,F,Adult,25-34,2046,146,null
148,NA,2015,Crimes Against the Person,Assault,Other,F,Adult,35-44,1268,147,null
149,NA,2015,Crimes Against the Person,Assault,Other,F,Adult,45-54,973,148,null
150,NA,2015,Crimes Against the Person,Assault,Other,F,Adult,55-64,438,149,null
151,NA,2015,Crimes Against the Person,Assault,Other,F,Adult,65+,305,150,null
152,NA,2014,Crimes Against the Person,Assault,Other,M,Youth,12-17,558,151,null
153,NA,2014,Crimes Against the Person,Other,N/A,F,Adult,18-24,478,152,null
154,NA,2014,Crimes Against the Person,Other,N/A,F,Adult,25-34,695,153,null
155,NA,2014,Crimes Against the Person,Other,N/A,F,Adult,35-44,499,154,null
156,NA,2014,Crimes Against the Person,Other,N/A,F,Adult,45-54,399,155,null
157,NA,2014,Crimes Against the Person,Other,N/A,F,Adult,55-64,194,156,null
158,NA,2014,Crimes Against the Person,Other,N/A,F,Adult,65+,84,157,null
159,NA,2014,Crimes Against the Person,Other,N/A,F,Child,<12,69,158,null
160,NA,2014,Crimes Against the Person,Other,N/A,F,Unknown,Unknown,83,159,null
161,NA,2014,Crimes Against the Person,Other,N/A,F,Youth,12-17,216,160,null
162,NA,2014,Crimes Against the Person,Other,N/A,M,Adult,18-24,230,161,null
163,NA,2014,Crimes Against the Person,Other,N/A,M,Adult,25-34,422,162,null
164,NA,2014,Crimes Against the Person,Other,N/A,M,Adult,35-44,381,163,null
165,NA,2014,Crimes Against the Person,Other,N/A,M,Adult,45-54,364,164,null
166,NA,2014,Crimes Against the Person,Other,N/A,M,Adult,55-64,203,165,null
167,NA,2014,Crimes Against the Person,Other,N/A,M,Adult,65+,95,166,null
168,NA,2014,Crimes Against the Person,Other,N/A,M,Child,<12,78,167,null
169,NA,2014,Crimes Against the Person,Other,N/A,M,Unknown,Unknown,119,168,null
170,NA,2014,Crimes Against the Person,Other,N/A,M,Youth,12-17,166,169,null
171,NA,2014,Crimes Against the Person,Other,N/A,U,Unknown,Unknown,3,170,null
172,NA,2014,Crimes Against the Person,Robbery,N/A,F,Adult,18-24,244,171,null
173,NA,2014,Crimes Against the Person,Robbery,N/A,F,Adult,25-34,198,172,null
174,NA,2014,Crimes Against the Person,Robbery,N/A,F,Adult,35-44,120,173,null
175,NA,2014,Crimes Against the Person,Robbery,N/A,F,Adult,45-54,138,174,null
176,NA,2014,Crimes Against the Person,Robbery,N/A,F,Adult,55-64,70,175,null
177,NA,2014,Crimes Against the Person,Robbery,N/A,F,Adult,65+,61,176,null
178,NA,2014,Crimes Against the Person,Robbery,N/A,F,Child,<12,6,177,null
179,NA,2014,Crimes Against the Person,Robbery,N/A,F,Unknown,Unknown,16,178,null
180,NA,2014,Crimes Against the Person,Robbery,N/A,F,Youth,12-17,70,179,null
181,NA,2014,Crimes Against the Person,Robbery,N/A,M,Adult,18-24,674,180,null
182,NA,2014,Crimes Against the Person,Robbery,N/A,M,Adult,25-34,422,181,null
183,NA,2014,Crimes Against the Person,Robbery,N/A,M,Adult,35-44,223,182,null
184,NA,2014,Crimes Against the Person,Robbery,N/A,M,Adult,45-54,214,183,null
185,NA,2014,Crimes Against the Person,Robbery,N/A,M,Adult,55-64,113,184,null
186,NA,2014,Crimes Against the Person,Robbery,N/A,M,Adult,65+,85,185,null
187,NA,2014,Crimes Against the Person,Robbery,N/A,M,Child,<12,29,186,null
188,NA,2014,Crimes Against the Person,Robbery,N/A,M,Unknown,Unknown,29,187,null
189,NA,2014,Crimes Against the Person,Robbery,N/A,M,Youth,12-17,658,188,null
190,NA,2014,Crimes Against the Person,Robbery,N/A,U,Adult,25-34,2,189,null
191,NA,2014,Crimes Against the Person,Robbery,N/A,U,Adult,55-64,1,190,null
192,NA,2014,Crimes Against the Person,Robbery,N/A,U,Unknown,Unknown,1,191,null
193,NA,2014,Crimes Against the Person,Sexual Violation,N/A,F,Adult,18-24,478,192,null
194,NA,2014,Crimes Against the Person,Sexual Violation,N/A,F,Adult,25-34,358,193,null
195,NA,2014,Crimes Against the Person,Sexual Violation,N/A,F,Adult,35-44,155,194,null
196,NA,2014,Crimes Against the Person,Sexual Violation,N/A,F,Adult,45-54,102,195,null
197,NA,2014,Crimes Against the Person,Sexual Violation,N/A,F,Adult,55-64,43,196,null
198,NA,2014,Crimes Against the Person,Sexual Violation,N/A,F,Adult,65+,34,197,null
199,NA,2014,Crimes Against the Person,Sexual Violation,N/A,F,Child,<12,242,198,null
200,NA,2014,Crimes Against the Person,Sexual Violation,N/A,F,Unknown,Unknown,23,199,null
201,NA,2014,Crimes Against the Person,Sexual Violation,N/A,F,Youth,12-17,399,200,null
202,NA,2015,Crimes Against the Person,Assault,Other,F,Child,<12,296,201,null
203,NA,2015,Crimes Against the Person,Assault,Other,F,Unknown,Unknown,73,202,null
204,NA,2015,Crimes Against the Person,Assault,Other,F,Youth,12-17,510,203,null
205,NA,2015,Crimes Against the Person,Assault,Other,M,Adult,18-24,1256,204,null
206,NA,2015,Crimes Against the Person,Assault,Other,M,Adult,25-34,1700,205,null
207,NA,2015,Crimes Against the Person,Assault,Other,M,Adult,35-44,1218,206,null
208,NA,2015,Crimes Against the Person,Assault,Other,M,Adult,45-54,1305,207,null
209,NA,2015,Crimes Against the Person,Assault,Other,M,Adult,55-64,682,208,null
210,NA,2015,Crimes Against the Person,Assault,Other,M,Adult,65+,336,209,null
211,NA,2015,Crimes Against the Person,Assault,Other,M,Child,<12,470,210,null
212,NA,2015,Crimes Against the Person,Assault,Other,M,Unknown,Unknown,211,211,null
213,NA,2015,Crimes Against the Person,Assault,Other,M,Youth,12-17,544,212,null
214,NA,2015,Crimes Against the Person,Assault,Other,U,Adult,18-24,1,213,null
215,NA,2015,Crimes Against the Person,Assault,Other,U,Adult,45-54,1,214,null
216,NA,2015,Crimes Against the Person,Other,N/A,F,Adult,18-24,534,215,null
217,NA,2015,Crimes Against the Person,Other,N/A,F,Adult,25-34,859,216,null
218,NA,2015,Crimes Against the Person,Other,N/A,F,Adult,35-44,576,217,null
219,NA,2015,Crimes Against the Person,Other,N/A,F,Adult,45-54,409,218,null
220,NA,2015,Crimes Against the Person,Other,N/A,F,Adult,55-64,185,219,null
221,NA,2015,Crimes Against the Person,Other,N/A,F,Adult,65+,126,220,null
222,NA,2015,Crimes Against the Person,Other,N/A,F,Child,<12,64,221,null
223,NA,2015,Crimes Against the Person,Other,N/A,F,Unknown,Unknown,77,222,null
224,NA,2015,Crimes Against the Person,Other,N/A,F,Youth,12-17,261,223,null
225,NA,2015,Crimes Against the Person,Other,N/A,M,Adult,18-24,303,224,null
226,NA,2015,Crimes Against the Person,Other,N/A,M,Adult,25-34,497,225,null
227,NA,2015,Crimes Against the Person,Other,N/A,M,Adult,35-44,467,226,null
228,NA,2015,Crimes Against the Person,Other,N/A,M,Adult,45-54,442,227,null
229,NA,2015,Crimes Against the Person,Other,N/A,M,Adult,55-64,263,228,null
230,NA,2015,Crimes Against the Person,Other,N/A,M,Adult,65+,140,229,null
231,NA,2015,Crimes Against the Person,Other,N/A,M,Child,<12,91,230,null
232,NA,2015,Crimes Against the Person,Other,N/A,M,Unknown,Unknown,170,231,null
233,NA,2015,Crimes Against the Person,Other,N/A,M,Youth,12-17,174,232,null
234,NA,2015,Crimes Against the Person,Other,N/A,U,Adult,25-34,1,233,null
235,NA,2015,Crimes Against the Person,Other,N/A,U,Adult,35-44,1,234,null
236,NA,2015,Crimes Against the Person,Other,N/A,U,Unknown,Unknown,6,235,null
237,NA,2015,Crimes Against the Person,Robbery,N/A,F,Adult,18-24,190,236,null
238,NA,2015,Crimes Against the Person,Robbery,N/A,F,Adult,25-34,178,237,null
239,NA,2015,Crimes Against the Person,Robbery,N/A,F,Adult,35-44,109,238,null
240,NA,2015,Crimes Against the Person,Robbery,N/A,F,Adult,45-54,136,239,null
241,NA,2015,Crimes Against the Person,Robbery,N/A,F,Adult,55-64,78,240,null
242,NA,2015,Crimes Against the Person,Robbery,N/A,F,Adult,65+,62,241,null
243,NA,2016,Crimes Against the Person,Assault,Assault Resist Arrest,M,Adult,35-44,42,242,null
244,NA,2015,Crimes Against the Person,Robbery,N/A,F,Child,<12,8,243,null
245,NA,2015,Crimes Against the Person,Robbery,N/A,F,Unknown,Unknown,11,244,null
246,NA,2015,Crimes Against the Person,Robbery,N/A,F,Youth,12-17,66,245,null
247,NA,2015,Crimes Against the Person,Robbery,N/A,M,Adult,18-24,636,246,null
248,NA,2015,Crimes Against the Person,Robbery,N/A,M,Adult,25-34,404,247,null
249,NA,2015,Crimes Against the Person,Robbery,N/A,M,Adult,35-44,200,248,null
250,NA,2015,Crimes Against the Person,Robbery,N/A,M,Adult,45-54,227,249,null
251,NA,2015,Crimes Against the Person,Robbery,N/A,M,Adult,55-64,154,250,null
252,NA,2015,Crimes Against the Person,Robbery,N/A,M,Adult,65+,94,251,null
253,NA,2016,Crimes Against the Person,Other,N/A,U,Adult,18-24,1,252,null
254,NA,2016,Crimes Against the Person,Other,N/A,U,Adult,25-34,1,253,null
255,NA,2016,Crimes Against the Person,Other,N/A,U,Adult,35-44,2,254,null
256,NA,2016,Crimes Against the Person,Other,N/A,U,Adult,45-54,1,255,null
257,NA,2016,Crimes Against the Person,Other,N/A,U,Adult,65+,1,256,null
258,NA,2016,Crimes Against the Person,Other,N/A,U,Unknown,Unknown,1,257,null
259,NA,2016,Crimes Against the Person,Robbery,N/A,F,Adult,18-24,191,258,null
260,NA,2016,Crimes Against the Person,Robbery,N/A,F,Adult,25-34,185,259,null
261,NA,2016,Crimes Against the Person,Robbery,N/A,F,Adult,35-44,114,260,null
262,NA,2016,Crimes Against the Person,Robbery,N/A,F,Adult,45-54,122,261,null
263,NA,2016,Crimes Against the Person,Robbery,N/A,F,Adult,55-64,97,262,null
264,NA,2016,Crimes Against the Person,Robbery,N/A,F,Adult,65+,41,263,null
265,NA,2016,Crimes Against the Person,Robbery,N/A,F,Child,<12,6,264,null
266,NA,2016,Crimes Against the Person,Robbery,N/A,F,Unknown,Unknown,11,265,null
267,NA,2016,Crimes Against the Person,Robbery,N/A,F,Youth,12-17,77,266,null
268,NA,2016,Crimes Against the Person,Robbery,N/A,M,Adult,18-24,703,267,null
269,NA,2016,Crimes Against the Person,Robbery,N/A,M,Adult,25-34,434,268,null
270,NA,2016,Crimes Against the Person,Robbery,N/A,M,Adult,35-44,222,269,null
271,NA,2016,Crimes Against the Person,Robbery,N/A,M,Adult,45-54,258,270,null
272,NA,2016,Crimes Against the Person,Robbery,N/A,M,Adult,55-64,162,271,null
273,NA,2016,Crimes Against the Person,Robbery,N/A,M,Adult,65+,63,272,null
274,NA,2016,Crimes Against the Person,Robbery,N/A,M,Child,<12,17,273,null
275,NA,2016,Crimes Against the Person,Robbery,N/A,M,Unknown,Unknown,45,274,null
276,NA,2016,Crimes Against the Person,Robbery,N/A,M,Youth,12-17,699,275,null
277,NA,2016,Crimes Against the Person,Robbery,N/A,U,Adult,18-24,1,276,null
278,NA,2016,Crimes Against the Person,Robbery,N/A,U,Adult,35-44,1,277,null
279,NA,2016,Crimes Against the Person,Robbery,N/A,U,Youth,12-17,2,278,null
280,NA,2016,Crimes Against the Person,Sexual Violation,N/A,F,Adult,18-24,516,279,null
281,NA,2016,Crimes Against the Person,Sexual Violation,N/A,F,Adult,25-34,418,280,null
282,NA,2016,Crimes Against the Person,Sexual Violation,N/A,F,Adult,35-44,181,281,null
283,NA,2016,Crimes Against the Person,Sexual Violation,N/A,F,Adult,45-54,100,282,null
284,NA,2016,Crimes Against the Person,Sexual Violation,N/A,F,Adult,55-64,56,283,null
285,NA,2016,Crimes Against the Person,Sexual Violation,N/A,F,Adult,65+,35,284,null
286,NA,2016,Crimes Against the Person,Sexual Violation,N/A,F,Child,<12,210,285,null
287,NA,2016,Crimes Against the Person,Sexual Violation,N/A,F,Unknown,Unknown,15,286,null
288,NA,2016,Crimes Against the Person,Sexual Violation,N/A,F,Youth,12-17,435,287,null
289,NA,2016,Crimes Against the Person,Sexual Violation,N/A,M,Adult,18-24,43,288,null
290,NA,2016,Crimes Against the Person,Sexual Violation,N/A,M,Adult,25-34,24,289,null
291,NA,2016,Crimes Against the Person,Sexual Violation,N/A,M,Adult,35-44,15,290,null
292,NA,2016,Crimes Against the Person,Sexual Violation,N/A,M,Adult,45-54,12,291,null
293,NA,2016,Crimes Against the Person,Sexual Violation,N/A,M,Adult,55-64,6,292,null
294,NA,2016,Crimes Against the Person,Sexual Violation,N/A,M,Adult,65+,2,293,null
295,NA,2016,Crimes Against the Person,Sexual Violation,N/A,M,Child,<12,91,294,null
296,NA,2016,Crimes Against the Person,Sexual Violation,N/A,M,Unknown,Unknown,11,295,null
297,NA,2016,Crimes Against the Person,Sexual Violation,N/A,M,Youth,12-17,49,296,null
298,NA,2016,Crimes Against the Person,Sexual Violation,N/A,U,Adult,18-24,1,297,null
299,NA,2016,Crimes Against the Person,Sexual Violation,N/A,U,Youth,12-17,1,298,null
300,NA,2017,Crimes Against the Person,Assault,Aggravated Peace Officer,F,Adult,65+,1,299,null
301,NA,2017,Crimes Against the Person,Assault,Aggravated Peace Officer,M,Adult,35-44,1,300,null
302,NA,2017,Crimes Against the Person,Assault,Aggravated Peace Officer,M,Unknown,Unknown,4,301,null
303,NA,2016,Crimes Against the Person,Assault,Assault Resist Arrest,M,Adult,45-54,24,302,null
304,NA,2016,Crimes Against the Person,Assault,Assault Resist Arrest,M,Adult,55-64,4,303,null
305,NA,2016,Crimes Against the Person,Assault,Assault Resist Arrest,M,Adult,65+,2,304,null
306,NA,2016,Crimes Against the Person,Assault,Assault Resist Arrest,M,Unknown,Unknown,66,305,null
307,NA,2016,Crimes Against the Person,Assault,Assault Resist Arrest,M,Youth,12-17,1,306,null
308,NA,2016,Crimes Against the Person,Assault,Assault Resist Arrest,U,Adult,25-34,1,307,null
309,NA,2016,Crimes Against the Person,Assault,Assault Resist Arrest,U,Adult,35-44,2,308,null
310,NA,2016,Crimes Against the Person,Assault,Assault Resist Arrest,U,Unknown,Unknown,2,309,null
311,NA,2016,Crimes Against the Person,Assault,Other,F,Adult,18-24,1498,310,null
312,NA,2016,Crimes Against the Person,Assault,Other,F,Adult,25-34,2008,311,null
313,NA,2016,Crimes Against the Person,Assault,Other,F,Adult,35-44,1312,312,null
314,NA,2016,Crimes Against the Person,Assault,Other,F,Adult,45-54,936,313,null
315,NA,2016,Crimes Against the Person,Assault,Other,F,Adult,55-64,485,314,null
316,NA,2016,Crimes Against the Person,Assault,Other,F,Adult,65+,366,315,null
317,NA,2016,Crimes Against the Person,Assault,Other,F,Child,<12,260,316,null
318,NA,2016,Crimes Against the Person,Assault,Other,F,Unknown,Unknown,111,317,null
319,NA,2016,Crimes Against the Person,Assault,Other,F,Youth,12-17,575,318,null
320,NA,2016,Crimes Against the Person,Assault,Other,M,Adult,18-24,1250,319,null
321,NA,2016,Crimes Against the Person,Assault,Other,M,Adult,25-34,1858,320,null
322,NA,2016,Crimes Against the Person,Assault,Other,M,Adult,35-44,1316,321,null
323,NA,2016,Crimes Against the Person,Assault,Other,M,Adult,45-54,1326,322,null
324,NA,2016,Crimes Against the Person,Assault,Other,M,Adult,55-64,757,323,null
325,NA,2016,Crimes Against the Person,Assault,Other,M,Adult,65+,354,324,null
326,NA,2016,Crimes Against the Person,Assault,Other,M,Child,<12,519,325,null
327,NA,2016,Crimes Against the Person,Assault,Other,M,Unknown,Unknown,180,326,null
328,NA,2016,Crimes Against the Person,Assault,Other,M,Youth,12-17,624,327,null
329,NA,2016,Crimes Against the Person,Assault,Other,U,Adult,18-24,1,328,null
330,NA,2016,Crimes Against the Person,Assault,Other,U,Adult,25-34,1,329,null
331,NA,2016,Crimes Against the Person,Assault,Other,U,Adult,35-44,1,330,null
332,NA,2016,Crimes Against the Person,Assault,Other,U,Adult,55-64,1,331,null
333,NA,2016,Crimes Against the Person,Assault,Other,U,Unknown,Unknown,4,332,null
334,NA,2016,Crimes Against the Person,Other,N/A,F,Adult,18-24,473,333,null
335,NA,2016,Crimes Against the Person,Other,N/A,F,Adult,25-34,740,334,null
336,NA,2016,Crimes Against the Person,Other,N/A,F,Adult,35-44,517,335,null
337,NA,2016,Crimes Against the Person,Other,N/A,F,Adult,45-54,424,336,null
338,NA,2016,Crimes Against the Person,Other,N/A,F,Adult,55-64,185,337,null
339,NA,2016,Crimes Against the Person,Other,N/A,F,Adult,65+,105,338,null
340,NA,2016,Crimes Against the Person,Other,N/A,F,Child,<12,60,339,null
341,NA,2016,Crimes Against the Person,Other,N/A,F,Unknown,Unknown,114,340,null
342,NA,2016,Crimes Against the Person,Other,N/A,F,Youth,12-17,235,341,null
343,NA,2016,Crimes Against the Person,Other,N/A,M,Adult,18-24,286,342,null
344,NA,2016,Crimes Against the Person,Other,N/A,M,Adult,25-34,480,343,null
345,NA,2016,Crimes Against the Person,Other,N/A,M,Adult,35-44,413,344,null
346,NA,2016,Crimes Against the Person,Other,N/A,M,Adult,45-54,376,345,null
347,NA,2016,Crimes Against the Person,Other,N/A,M,Adult,55-64,215,346,null
348,NA,2016,Crimes Against the Person,Other,N/A,M,Adult,65+,95,347,null
349,NA,2016,Crimes Against the Person,Other,N/A,M,Child,<12,74,348,null
350,NA,2016,Crimes Against the Person,Other,N/A,M,Unknown,Unknown,172,349,null
351,NA,2016,Crimes Against the Person,Other,N/A,M,Youth,12-17,150,350,null
352,NA,2017,Crimes Against the Person,Assault,Assault Peace Officer,F,Adult,18-24,1,351,null
353,NA,2017,Crimes Against the Person,Assault,Assault Peace Officer,F,Adult,25-34,17,352,null
354,NA,2017,Crimes Against the Person,Assault,Assault Peace Officer,F,Adult,35-44,11,353,null
355,NA,2017,Crimes Against the Person,Assault,Assault Peace Officer,F,Adult,45-54,7,354,null
356,NA,2017,Crimes Against the Person,Assault,Assault Peace Officer,F,Adult,55-64,3,355,null
357,NA,2017,Crimes Against the Person,Assault,Assault Peace Officer,F,Unknown,Unknown,91,356,null
358,NA,2017,Crimes Against the Person,Assault,Assault Peace Officer,M,Adult,18-24,4,357,null
359,NA,2017,Crimes Against the Person,Assault,Assault Peace Officer,M,Adult,25-34,51,358,null
360,NA,2017,Crimes Against the Person,Assault,Assault Peace Officer,M,Adult,35-44,52,359,null
361,NA,2017,Crimes Against the Person,Assault,Assault Peace Officer,M,Adult,45-54,32,360,null
362,NA,2017,Crimes Against the Person,Assault,Assault Peace Officer,M,Adult,55-64,4,361,null
363,NA,2017,Crimes Against the Person,Assault,Assault Peace Officer,M,Adult,65+,3,362,null
364,NA,2017,Crimes Against the Person,Assault,Assault Peace Officer,M,Unknown,Unknown,301,363,null
365,NA,2017,Crimes Against the Person,Assault,Assault Peace Officer,U,Unknown,Unknown,2,364,null
366,NA,2017,Crimes Against the Person,Assault,Assault Peace Officer Weapon/Bodily Harm,F,Adult,25-34,4,365,null
367,NA,2017,Crimes Against the Person,Assault,Assault Peace Officer Weapon/Bodily Harm,F,Unknown,Unknown,8,366,null
368,NA,2017,Crimes Against the Person,Assault,Assault Peace Officer Weapon/Bodily Harm,M,Adult,18-24,2,367,null
369,NA,2017,Crimes Against the Person,Assault,Assault Peace Officer Weapon/Bodily Harm,M,Adult,25-34,3,368,null
370,NA,2017,Crimes Against the Person,Assault,Assault Peace Officer Weapon/Bodily Harm,M,Adult,35-44,8,369,null
371,NA,2017,Crimes Against the Person,Assault,Assault Peace Officer Weapon/Bodily Harm,M,Adult,45-54,3,370,null
372,NA,2017,Crimes Against the Person,Assault,Assault Peace Officer Weapon/Bodily Harm,M,Adult,55-64,3,371,null
373,NA,2017,Crimes Against the Person,Assault,Assault Peace Officer Weapon/Bodily Harm,M,Adult,65+,1,372,null
374,NA,2017,Crimes Against the Person,Assault,Assault Peace Officer Weapon/Bodily Harm,M,Unknown,Unknown,30,373,null
375,NA,2017,Crimes Against the Person,Assault,Assault Resist Arrest,F,Adult,18-24,10,374,null
376,NA,2017,Crimes Against the Person,Assault,Assault Resist Arrest,F,Adult,25-34,15,375,null
377,NA,2017,Crimes Against the Person,Assault,Assault Resist Arrest,F,Adult,35-44,3,376,null
378,NA,2017,Crimes Against the Person,Assault,Assault Resist Arrest,F,Adult,45-54,5,377,null
379,NA,2017,Crimes Against the Person,Assault,Assault Resist Arrest,F,Adult,55-64,4,378,null
380,NA,2017,Crimes Against the Person,Assault,Assault Resist Arrest,F,Unknown,Unknown,7,379,null
381,NA,2017,Crimes Against the Person,Assault,Assault Resist Arrest,M,Adult,18-24,76,380,null
382,NA,2017,Crimes Against the Person,Assault,Assault Resist Arrest,M,Adult,25-34,76,381,null
383,NA,2017,Crimes Against the Person,Assault,Assault Resist Arrest,M,Adult,35-44,31,382,null
384,NA,2017,Crimes Against the Person,Assault,Assault Resist Arrest,M,Adult,45-54,27,383,null
385,NA,2017,Crimes Against the Person,Assault,Assault Resist Arrest,M,Adult,55-64,7,384,null
386,NA,2017,Crimes Against the Person,Assault,Assault Resist Arrest,M,Adult,65+,4,385,null
387,NA,2017,Crimes Against the Person,Assault,Assault Resist Arrest,M,Unknown,Unknown,75,386,null
388,NA,2017,Crimes Against the Person,Assault,Assault Resist Arrest,M,Youth,12-17,2,387,null
389,NA,2017,Crimes Against the Person,Assault,Other,F,Adult,18-24,1419,388,null
390,NA,2017,Crimes Against the Person,Assault,Other,F,Adult,25-34,2061,389,null
391,NA,2017,Crimes Against the Person,Assault,Other,F,Adult,35-44,1375,390,null
392,NA,2017,Crimes Against the Person,Assault,Other,F,Adult,45-54,999,391,null
393,NA,2017,Crimes Against the Person,Assault,Other,F,Adult,55-64,489,392,null
394,NA,2017,Crimes Against the Person,Assault,Other,F,Adult,65+,366,393,null
395,NA,2017,Crimes Against the Person,Assault,Other,F,Child,<12,290,394,null
396,NA,2017,Crimes Against the Person,Assault,Other,F,Unknown,Unknown,92,395,null
397,NA,2017,Crimes Against the Person,Assault,Other,F,Youth,12-17,602,396,null
398,NA,2017,Crimes Against the Person,Assault,Other,M,Adult,18-24,1316,397,null
399,NA,2017,Crimes Against the Person,Assault,Other,M,Adult,25-34,1938,398,null
400,NA,2017,Crimes Against the Person,Assault,Other,M,Adult,35-44,1305,399,null
401,NA,2017,Crimes Against the Person,Assault,Other,M,Adult,45-54,1316,400,null
402,NA,2017,Crimes Against the Person,Assault,Other,M,Adult,55-64,802,401,null
403,NA,2017,Crimes Against the Person,Assault,Other,M,Adult,65+,393,402,null
404,NA,2017,Crimes Against the Person,Assault,Other,M,Child,<12,488,403,null
405,NA,2017,Crimes Against the Person,Assault,Other,M,Unknown,Unknown,213,404,null
406,NA,2017,Crimes Against the Person,Assault,Other,M,Youth,12-17,642,405,null
407,NA,2017,Crimes Against the Person,Assault,Other,U,Adult,25-34,1,406,null
408,NA,2017,Crimes Against the Person,Assault,Other,U,Adult,45-54,1,407,null
409,NA,2017,Crimes Against the Person,Assault,Other,U,Child,<12,10,408,null
410,NA,2017,Crimes Against the Person,Assault,Other,U,Unknown,Unknown,23,409,null
411,NA,2017,Crimes Against the Person,Other,N/A,F,Adult,18-24,462,410,null
412,NA,2017,Crimes Against the Person,Other,N/A,F,Adult,25-34,713,411,null
413,NA,2017,Crimes Against the Person,Other,N/A,F,Adult,35-44,496,412,null
414,NA,2017,Crimes Against the Person,Other,N/A,F,Adult,45-54,347,413,null
415,NA,2017,Crimes Against the Person,Other,N/A,F,Adult,55-64,205,414,null
416,NA,2017,Crimes Against the Person,Other,N/A,F,Adult,65+,104,415,null
417,NA,2017,Crimes Against the Person,Other,N/A,F,Child,<12,76,416,null
418,NA,2017,Crimes Against the Person,Other,N/A,F,Unknown,Unknown,136,417,null
419,NA,2017,Crimes Against the Person,Other,N/A,F,Youth,12-17,231,418,null
420,NA,2017,Crimes Against the Person,Other,N/A,M,Adult,18-24,301,419,null
421,NA,2017,Crimes Against the Person,Other,N/A,M,Adult,25-34,498,420,null
422,NA,2017,Crimes Against the Person,Other,N/A,M,Adult,35-44,391,421,null
423,NA,2017,Crimes Against the Person,Other,N/A,M,Adult,45-54,374,422,null
424,NA,2017,Crimes Against the Person,Other,N/A,M,Adult,55-64,216,423,null
425,NA,2017,Crimes Against the Person,Other,N/A,M,Adult,65+,99,424,null
426,NA,2017,Crimes Against the Person,Other,N/A,M,Child,<12,62,425,null
427,NA,2017,Crimes Against the Person,Other,N/A,M,Unknown,Unknown,150,426,null
428,NA,2017,Crimes Against the Person,Other,N/A,M,Youth,12-17,175,427,null
429,NA,2017,Crimes Against the Person,Other,N/A,U,Adult,25-34,1,428,null
430,NA,2017,Crimes Against the Person,Other,N/A,U,Adult,45-54,3,429,null
431,NA,2017,Crimes Against the Person,Other,N/A,U,Unknown,Unknown,9,430,null
432,NA,2017,Crimes Against the Person,Robbery,N/A,F,Adult,18-24,214,431,null
433,NA,2017,Crimes Against the Person,Robbery,N/A,F,Adult,25-34,199,432,null
434,NA,2017,Crimes Against the Person,Robbery,N/A,F,Adult,35-44,117,433,null
435,NA,2017,Crimes Against the Person,Robbery,N/A,F,Adult,45-54,141,434,null
436,NA,2017,Crimes Against the Person,Robbery,N/A,F,Adult,55-64,81,435,null
437,NA,2017,Crimes Against the Person,Robbery,N/A,F,Adult,65+,46,436,null
438,NA,2017,Crimes Against the Person,Robbery,N/A,F,Child,<12,6,437,null
439,NA,2017,Crimes Against the Person,Robbery,N/A,F,Unknown,Unknown,10,438,null
440,NA,2017,Crimes Against the Person,Robbery,N/A,F,Youth,12-17,95,439,null
441,NA,2017,Crimes Against the Person,Robbery,N/A,M,Adult,18-24,727,440,null
442,NA,2017,Crimes Against the Person,Robbery,N/A,M,Adult,25-34,491,441,null
443,NA,2017,Crimes Against the Person,Robbery,N/A,M,Adult,35-44,258,442,null
444,NA,2017,Crimes Against the Person,Robbery,N/A,M,Adult,45-54,242,443,null
445,NA,2017,Crimes Against the Person,Robbery,N/A,M,Adult,55-64,180,444,null
446,NA,2017,Crimes Against the Person,Robbery,N/A,M,Adult,65+,72,445,null
447,NA,2017,Crimes Against the Person,Robbery,N/A,M,Child,<12,19,446,null
448,NA,2017,Crimes Against the Person,Robbery,N/A,M,Unknown,Unknown,38,447,null
449,NA,2017,Crimes Against the Person,Robbery,N/A,M,Youth,12-17,750,448,null
450,NA,2017,Crimes Against the Person,Robbery,N/A,U,Unknown,Unknown,1,449,null
451,NA,2017,Crimes Against the Person,Robbery,N/A,U,Youth,12-17,1,450,null
452,NA,2019,Crimes Against the Person,Assault,Assault Peace Officer,F,Adult,65+,1,451,null
453,NA,2018,Crimes Against the Person,Assault,Assault Resist Arrest,M,Adult,18-24,59,452,null
454,NA,2017,Crimes Against the Person,Sexual Violation,N/A,F,Adult,18-24,515,453,null
455,NA,2017,Crimes Against the Person,Sexual Violation,N/A,F,Adult,25-34,419,454,null
456,NA,2017,Crimes Against the Person,Sexual Violation,N/A,F,Adult,35-44,201,455,null
457,NA,2017,Crimes Against the Person,Sexual Violation,N/A,F,Adult,45-54,111,456,null
458,NA,2017,Crimes Against the Person,Sexual Violation,N/A,F,Adult,55-64,55,457,null
459,NA,2017,Crimes Against the Person,Sexual Violation,N/A,F,Adult,65+,37,458,null
460,NA,2017,Crimes Against the Person,Sexual Violation,N/A,F,Child,<12,221,459,null
461,NA,2017,Crimes Against the Person,Sexual Violation,N/A,F,Unknown,Unknown,31,460,null
462,NA,2017,Crimes Against the Person,Sexual Violation,N/A,F,Youth,12-17,468,461,null
463,NA,2017,Crimes Against the Person,Sexual Violation,N/A,M,Adult,18-24,62,462,null
464,NA,2017,Crimes Against the Person,Sexual Violation,N/A,M,Adult,25-34,33,463,null
465,NA,2017,Crimes Against the Person,Sexual Violation,N/A,M,Adult,35-44,27,464,null
466,NA,2017,Crimes Against the Person,Sexual Violation,N/A,M,Adult,45-54,19,465,null
467,NA,2017,Crimes Against the Person,Sexual Violation,N/A,M,Adult,55-64,6,466,null
468,NA,2017,Crimes Against the Person,Sexual Violation,N/A,M,Adult,65+,6,467,null
469,NA,2017,Crimes Against the Person,Sexual Violation,N/A,M,Child,<12,75,468,null
470,NA,2017,Crimes Against the Person,Sexual Violation,N/A,M,Unknown,Unknown,3,469,null
471,NA,2017,Crimes Against the Person,Sexual Violation,N/A,M,Youth,12-17,64,470,null
472,NA,2017,Crimes Against the Person,Sexual Violation,N/A,U,Unknown,Unknown,2,471,null
473,NA,2018,Crimes Against the Person,Assault,Aggravated Peace Officer,M,Unknown,Unknown,1,472,null
474,NA,2018,Crimes Against the Person,Assault,Assault Peace Officer,F,Adult,25-34,16,473,null
475,NA,2018,Crimes Against the Person,Assault,Assault Peace Officer,F,Adult,35-44,9,474,null
476,NA,2018,Crimes Against the Person,Assault,Assault Peace Officer,F,Adult,45-54,7,475,null
477,NA,2018,Crimes Against the Person,Assault,Assault Peace Officer,F,Adult,55-64,2,476,null
478,NA,2018,Crimes Against the Person,Assault,Assault Peace Officer,F,Adult,65+,4,477,null
479,NA,2018,Crimes Against the Person,Assault,Assault Peace Officer,F,Unknown,Unknown,74,478,null
480,NA,2018,Crimes Against the Person,Assault,Assault Peace Officer,M,Adult,18-24,4,479,null
481,NA,2018,Crimes Against the Person,Assault,Assault Peace Officer,M,Adult,25-34,64,480,null
482,NA,2018,Crimes Against the Person,Assault,Assault Peace Officer,M,Adult,35-44,46,481,null
483,NA,2019,Crimes Against the Person,Assault,Assault Peace Officer,F,Unknown,Unknown,74,505,null
484,NA,2018,Crimes Against the Person,Assault,Assault Peace Officer,M,Adult,45-54,53,482,null
485,NA,2018,Crimes Against the Person,Assault,Assault Peace Officer,M,Adult,55-64,14,483,null
486,NA,2018,Crimes Against the Person,Assault,Assault Peace Officer,M,Adult,65+,4,484,null
487,NA,2018,Crimes Against the Person,Assault,Assault Peace Officer,M,Unknown,Unknown,332,485,null
488,NA,2018,Crimes Against the Person,Assault,Assault Peace Officer,U,Unknown,Unknown,1,486,null
489,NA,2018,Crimes Against the Person,Assault,Assault Peace Officer Weapon/Bodily Harm,F,Adult,45-54,1,487,null
490,NA,2018,Crimes Against the Person,Assault,Assault Peace Officer Weapon/Bodily Harm,F,Adult,65+,1,488,null
491,NA,2018,Crimes Against the Person,Assault,Assault Peace Officer Weapon/Bodily Harm,F,Unknown,Unknown,5,489,null
492,NA,2018,Crimes Against the Person,Assault,Assault Peace Officer Weapon/Bodily Harm,M,Adult,18-24,1,490,null
493,NA,2018,Crimes Against the Person,Assault,Assault Peace Officer Weapon/Bodily Harm,M,Adult,25-34,6,491,null
494,NA,2018,Crimes Against the Person,Assault,Assault Peace Officer Weapon/Bodily Harm,M,Adult,35-44,15,492,null
495,NA,2018,Crimes Against the Person,Assault,Assault Peace Officer Weapon/Bodily Harm,M,Adult,45-54,7,493,null
496,NA,2018,Crimes Against the Person,Assault,Assault Peace Officer Weapon/Bodily Harm,M,Adult,65+,2,494,null
497,NA,2018,Crimes Against the Person,Assault,Assault Peace Officer Weapon/Bodily Harm,M,Unknown,Unknown,25,495,null
498,NA,2018,Crimes Against the Person,Assault,Assault Resist Arrest,F,Adult,18-24,18,496,null
499,NA,2018,Crimes Against the Person,Assault,Assault Resist Arrest,F,Adult,25-34,13,497,null
500,NA,2018,Crimes Against the Person,Assault,Assault Resist Arrest,F,Adult,35-44,7,498,null
501,NA,2018,Crimes Against the Person,Assault,Assault Resist Arrest,F,Adult,45-54,3,499,null
502,NA,2018,Crimes Against the Person,Assault,Assault Resist Arrest,F,Adult,55-64,2,500,null
503,NA,2018,Crimes Against the Person,Assault,Assault Resist Arrest,F,Unknown,Unknown,8,501,null
504,NA,2018,Crimes Against the Person,Assault,Assault Resist Arrest,F,Youth,12-17,1,502,null
505,NA,2019,Crimes Against the Person,Assault,Other,M,Adult,55-64,985,503,null
506,NA,2018,Crimes Against the Person,Assault,Assault Resist Arrest,M,Adult,25-34,77,504,null
507,NA,2019,Crimes Against the Person,Assault,Other,M,Child,<12,504,507,null
508,NA,2019,Crimes Against the Person,Assault,Other,M,Unknown,Unknown,223,508,null
509,NA,2019,Crimes Against the Person,Assault,Other,M,Youth,12-17,713,509,null
510,NA,2019,Crimes Against the Person,Assault,Other,U,Adult,18-24,2,510,null
511,NA,2019,Crimes Against the Person,Assault,Other,U,Adult,25-34,1,511,null
512,NA,2019,Crimes Against the Person,Assault,Other,U,Adult,35-44,1,512,null
513,NA,2019,Crimes Against the Person,Assault,Other,U,Child,<12,2,513,null
514,NA,2019,Crimes Against the Person,Assault,Other,U,Unknown,Unknown,45,514,null
515,NA,2019,Crimes Against the Person,Other,N/A,F,Adult,18-24,363,515,null
516,NA,2019,Crimes Against the Person,Other,N/A,F,Adult,25-34,571,516,null
517,NA,2019,Crimes Against the Person,Other,N/A,F,Adult,35-44,402,517,null
518,NA,2019,Crimes Against the Person,Other,N/A,F,Adult,45-54,276,518,null
519,NA,2019,Crimes Against the Person,Other,N/A,F,Adult,55-64,165,519,null
520,NA,2019,Crimes Against the Person,Other,N/A,F,Adult,65+,81,520,null
521,NA,2019,Crimes Against the Person,Other,N/A,F,Child,<12,70,521,null
522,NA,2019,Crimes Against the Person,Other,N/A,F,Unknown,Unknown,73,522,null
523,NA,2019,Crimes Against the Person,Other,N/A,F,Youth,12-17,215,523,null
524,NA,2019,Crimes Against the Person,Other,N/A,M,Adult,18-24,307,524,null
525,NA,2019,Crimes Against the Person,Other,N/A,M,Adult,25-34,394,525,null
526,NA,2019,Crimes Against the Person,Other,N/A,M,Adult,35-44,317,526,null
527,NA,2019,Crimes Against the Person,Other,N/A,M,Adult,45-54,289,527,null
528,NA,2019,Crimes Against the Person,Other,N/A,M,Adult,55-64,205,528,null
529,NA,2019,Crimes Against the Person,Other,N/A,M,Adult,65+,84,529,null
530,NA,2019,Crimes Against the Person,Other,N/A,M,Child,<12,64,530,null
531,NA,2019,Crimes Against the Person,Other,N/A,M,Unknown,Unknown,124,531,null
532,NA,2019,Crimes Against the Person,Other,N/A,M,Youth,12-17,173,532,null
533,NA,2019,Crimes Against the Person,Other,N/A,U,Adult,25-34,1,533,null
534,NA,2019,Crimes Against the Person,Other,N/A,U,Unknown,Unknown,12,534,null
535,NA,2019,Crimes Against the Person,Robbery,N/A,F,Adult,18-24,183,535,null
536,NA,2019,Crimes Against the Person,Robbery,N/A,F,Adult,25-34,155,536,null
537,NA,2019,Crimes Against the Person,Robbery,N/A,F,Adult,35-44,108,537,null
538,NA,2019,Crimes Against the Person,Robbery,N/A,F,Adult,45-54,102,538,null
539,NA,2019,Crimes Against the Person,Robbery,N/A,F,Adult,55-64,89,539,null
540,NA,2019,Crimes Against the Person,Robbery,N/A,F,Adult,65+,61,540,null
541,NA,2019,Crimes Against the Person,Robbery,N/A,F,Child,<12,6,541,null
542,NA,2019,Crimes Against the Person,Robbery,N/A,F,Unknown,Unknown,7,542,null
543,NA,2019,Crimes Against the Person,Robbery,N/A,F,Youth,12-17,56,543,null
544,NA,2019,Crimes Against the Person,Robbery,N/A,M,Adult,18-24,692,544,null
545,NA,2019,Crimes Against the Person,Robbery,N/A,M,Adult,25-34,472,545,null
546,NA,2019,Crimes Against the Person,Robbery,N/A,M,Adult,35-44,245,546,null
547,NA,2019,Crimes Against the Person,Robbery,N/A,M,Adult,45-54,198,547,null
548,NA,2019,Crimes Against the Person,Robbery,N/A,M,Adult,55-64,178,548,null
549,NA,2019,Crimes Against the Person,Robbery,N/A,M,Adult,65+,85,549,null
550,NA,2019,Crimes Against the Person,Robbery,N/A,M,Child,<12,12,550,null
551,NA,2019,Crimes Against the Person,Robbery,N/A,M,Unknown,Unknown,38,551,null
552,NA,2019,Crimes Against the Person,Robbery,N/A,M,Youth,12-17,555,552,null
553,NA,2019,Crimes Against the Person,Robbery,N/A,U,Adult,18-24,3,553,null
554,NA,2019,Crimes Against the Person,Robbery,N/A,U,Adult,25-34,5,554,null
555,NA,2018,Crimes Against the Person,Other,N/A,U,Adult,45-54,1,555,null
556,NA,2019,Crimes Against the Person,Assault,Assault Peace Officer,M,Adult,18-24,7,556,null
557,NA,2018,Crimes Against the Person,Other,N/A,U,Unknown,Unknown,10,557,null
558,NA,2018,Crimes Against the Person,Assault,Assault Resist Arrest,M,Adult,35-44,20,558,null
559,NA,2019,Crimes Against the Person,Assault,Assault Peace Officer,M,Adult,25-34,68,559,null
560,NA,2018,Crimes Against the Person,Robbery,N/A,F,Adult,18-24,197,560,null
561,NA,2020,Crimes Against the Person,Assault,Assault Peace Officer Weapon/Bodily Harm,M,Unknown,Unknown,43,561,null
562,NA,2018,Crimes Against the Person,Assault,Assault Resist Arrest,M,Adult,45-54,26,562,null
563,NA,2019,Crimes Against the Person,Assault,Assault Peace Officer,M,Adult,35-44,37,563,null
564,NA,2018,Crimes Against the Person,Robbery,N/A,F,Adult,25-34,189,564,null
565,NA,2020,Crimes Against the Person,Assault,Assault Peace Officer Weapon/Bodily Harm,U,Unknown,Unknown,2,565,null
566,NA,2018,Crimes Against the Person,Assault,Assault Resist Arrest,M,Adult,55-64,5,566,null
567,NA,2019,Crimes Against the Person,Assault,Assault Peace Officer,M,Adult,45-54,37,567,null
568,NA,2018,Crimes Against the Person,Robbery,N/A,F,Adult,35-44,116,568,null
569,NA,2020,Crimes Against the Person,Assault,Assault Resist Arrest,F,Adult,18-24,2,569,null
570,NA,2018,Crimes Against the Person,Assault,Assault Resist Arrest,M,Adult,65+,4,570,null
571,NA,2019,Crimes Against the Person,Assault,Assault Peace Officer,M,Adult,55-64,15,571,null
572,NA,2018,Crimes Against the Person,Robbery,N/A,F,Adult,45-54,107,572,null
573,NA,2020,Crimes Against the Person,Assault,Assault Resist Arrest,F,Adult,25-34,6,573,null
574,NA,2019,Crimes Against the Person,Robbery,N/A,U,Adult,35-44,1,574,null
575,NA,2018,Crimes Against the Person,Assault,Assault Resist Arrest,M,Unknown,Unknown,69,575,null
576,NA,2019,Crimes Against the Person,Assault,Assault Peace Officer,M,Adult,65+,15,576,null
577,NA,2018,Crimes Against the Person,Robbery,N/A,F,Adult,55-64,85,577,null
578,NA,2020,Crimes Against the Person,Assault,Assault Resist Arrest,F,Adult,35-44,4,578,null
579,NA,2019,Crimes Against the Person,Robbery,N/A,U,Adult,45-54,1,579,null
580,NA,2018,Crimes Against the Person,Assault,Other,F,Adult,18-24,1480,580,null
581,NA,2019,Crimes Against the Person,Assault,Assault Peace Officer,M,Unknown,Unknown,332,581,null
582,NA,2018,Crimes Against the Person,Robbery,N/A,F,Adult,65+,59,582,null
583,NA,2020,Crimes Against the Person,Assault,Assault Resist Arrest,F,Adult,45-54,1,583,null
584,NA,2019,Crimes Against the Person,Robbery,N/A,U,Unknown,Unknown,1,584,null
585,NA,2018,Crimes Against the Person,Assault,Other,F,Adult,25-34,2165,585,null
586,NA,2019,Crimes Against the Person,Assault,Assault Peace Officer,U,Unknown,Unknown,11,586,null
587,NA,2018,Crimes Against the Person,Robbery,N/A,F,Child,<12,6,587,null
588,NA,2020,Crimes Against the Person,Assault,Assault Resist Arrest,F,Adult,55-64,1,588,null
589,NA,2019,Crimes Against the Person,Robbery,N/A,U,Youth,12-17,1,589,null
590,NA,2018,Crimes Against the Person,Assault,Other,F,Adult,35-44,1512,590,null
591,NA,2019,Crimes Against the Person,Assault,Assault Peace Officer Weapon/Bodily Harm,F,Adult,25-34,2,591,null
592,NA,2018,Crimes Against the Person,Robbery,N/A,F,Unknown,Unknown,10,592,null
593,NA,2020,Crimes Against the Person,Assault,Assault Resist Arrest,F,Unknown,Unknown,5,593,null
594,NA,2019,Crimes Against the Person,Sexual Violation,N/A,F,Adult,18-24,572,594,null
595,NA,2018,Crimes Against the Person,Assault,Other,F,Adult,45-54,1038,595,null
596,NA,2019,Crimes Against the Person,Assault,Assault Peace Officer Weapon/Bodily Harm,F,Adult,35-44,1,596,null
597,NA,2018,Crimes Against the Person,Robbery,N/A,F,Youth,12-17,57,597,null
598,NA,2019,Crimes Against the Person,Sexual Violation,N/A,F,Adult,25-34,454,598,null
599,NA,2020,Crimes Against the Person,Assault,Assault Resist Arrest,M,Adult,18-24,36,599,null
600,NA,2019,Crimes Against the Person,Sexual Violation,N/A,F,Adult,35-44,263,600,null
601,NA,2018,Crimes Against the Person,Robbery,N/A,M,Adult,18-24,715,601,null
602,NA,2020,Crimes Against the Person,Assault,Assault Resist Arrest,M,Adult,25-34,39,602,null
603,NA,2019,Crimes Against the Person,Sexual Violation,N/A,F,Adult,45-54,130,603,null
604,NA,2018,Crimes Against the Person,Assault,Other,F,Adult,55-64,491,604,null
605,NA,2019,Crimes Against the Person,Assault,Assault Peace Officer Weapon/Bodily Harm,F,Adult,45-54,1,605,null
606,NA,2018,Crimes Against the Person,Robbery,N/A,M,Adult,25-34,461,606,null
607,NA,2020,Crimes Against the Person,Assault,Assault Resist Arrest,M,Adult,35-44,19,607,null
608,NA,2019,Crimes Against the Person,Assault,Assault Peace Officer Weapon/Bodily Harm,F,Adult,65+,1,608,null
609,NA,2018,Crimes Against the Person,Assault,Other,F,Adult,65+,396,609,null
610,NA,2018,Crimes Against the Person,Robbery,N/A,M,Adult,35-44,249,610,null
611,NA,2019,Crimes Against the Person,Sexual Violation,N/A,F,Adult,55-64,59,611,null
612,NA,2020,Crimes Against the Person,Assault,Assault Resist Arrest,M,Adult,45-54,14,612,null
613,NA,2019,Crimes Against the Person,Assault,Assault Peace Officer Weapon/Bodily Harm,F,Unknown,Unknown,9,613,null
614,NA,2018,Crimes Against the Person,Assault,Other,F,Child,<12,308,614,null
615,NA,2018,Crimes Against the Person,Robbery,N/A,M,Adult,45-54,248,615,null
616,NA,2019,Crimes Against the Person,Sexual Violation,N/A,F,Adult,65+,65,616,null
617,NA,2020,Crimes Against the Person,Assault,Assault Resist Arrest,M,Adult,55-64,6,617,null
618,NA,2019,Crimes Against the Person,Assault,Assault Peace Officer Weapon/Bodily Harm,M,Adult,25-34,8,618,null
619,NA,2018,Crimes Against the Person,Assault,Other,F,Unknown,Unknown,133,619,null
620,NA,2018,Crimes Against the Person,Robbery,N/A,M,Adult,55-64,159,620,null
621,NA,2019,Crimes Against the Person,Sexual Violation,N/A,F,Child,<12,235,621,null
622,NA,2020,Crimes Against the Person,Assault,Assault Resist Arrest,M,Adult,65+,1,622,null
623,NA,2019,Crimes Against the Person,Assault,Assault Peace Officer Weapon/Bodily Harm,M,Adult,35-44,4,623,null
624,NA,2018,Crimes Against the Person,Assault,Other,F,Youth,12-17,532,624,null
625,NA,2018,Crimes Against the Person,Robbery,N/A,M,Adult,65+,90,625,null
626,NA,2019,Crimes Against the Person,Sexual Violation,N/A,F,Unknown,Unknown,24,626,null
627,NA,2020,Crimes Against the Person,Assault,Assault Resist Arrest,M,Unknown,Unknown,40,627,null
628,NA,2019,Crimes Against the Person,Assault,Assault Peace Officer Weapon/Bodily Harm,M,Adult,45-54,6,628,null
629,NA,2018,Crimes Against the Person,Assault,Other,M,Adult,18-24,1295,629,null
630,NA,2018,Crimes Against the Person,Robbery,N/A,M,Child,<12,7,630,null
631,NA,2019,Crimes Against the Person,Sexual Violation,N/A,F,Youth,12-17,541,631,null
632,NA,2020,Crimes Against the Person,Assault,Assault Resist Arrest,U,Unknown,Unknown,1,632,null
633,NA,2019,Crimes Against the Person,Assault,Assault Peace Officer Weapon/Bodily Harm,M,Adult,55-64,1,633,null
634,NA,2018,Crimes Against the Person,Other,N/A,F,Child,<12,80,660,null
635,NA,2018,Crimes Against the Person,Assault,Other,M,Adult,25-34,1969,634,null
636,NA,2018,Crimes Against the Person,Robbery,N/A,M,Unknown,Unknown,24,635,null
637,NA,2019,Crimes Against the Person,Sexual Violation,N/A,M,Adult,18-24,61,636,null
638,NA,2020,Crimes Against the Person,Assault,Other,F,Adult,18-24,1271,637,null
639,NA,2019,Crimes Against the Person,Assault,Assault Peace Officer Weapon/Bodily Harm,M,Adult,65+,1,638,null
640,NA,2018,Crimes Against the Person,Assault,Other,M,Adult,35-44,1481,639,null
641,NA,2018,Crimes Against the Person,Robbery,N/A,M,Youth,12-17,536,640,null
642,NA,2019,Crimes Against the Person,Sexual Violation,N/A,M,Adult,25-34,63,641,null
643,NA,2020,Crimes Against the Person,Assault,Other,F,Adult,25-34,2229,642,null
644,NA,2019,Crimes Against the Person,Assault,Assault Peace Officer Weapon/Bodily Harm,M,Unknown,Unknown,34,643,null
645,NA,2018,Crimes Against the Person,Assault,Other,M,Adult,45-54,1362,644,null
646,NA,2018,Crimes Against the Person,Assault,Other,M,Adult,55-64,918,645,null
647,NA,2018,Crimes Against the Person,Assault,Other,M,Adult,65+,438,646,null
648,NA,2018,Crimes Against the Person,Assault,Other,M,Child,<12,445,647,null
649,NA,2018,Crimes Against the Person,Assault,Other,M,Unknown,Unknown,246,648,null
650,NA,2018,Crimes Against the Person,Assault,Other,M,Youth,12-17,596,649,null
651,NA,2018,Crimes Against the Person,Assault,Other,U,Adult,25-34,2,650,null
652,NA,2018,Crimes Against the Person,Assault,Other,U,Adult,35-44,1,651,null
653,NA,2018,Crimes Against the Person,Assault,Other,U,Adult,45-54,1,652,null
654,NA,2018,Crimes Against the Person,Assault,Other,U,Unknown,Unknown,30,653,null
655,NA,2018,Crimes Against the Person,Other,N/A,F,Adult,18-24,426,654,null
656,NA,2018,Crimes Against the Person,Other,N/A,F,Adult,25-34,641,655,null
657,NA,2018,Crimes Against the Person,Other,N/A,F,Adult,35-44,487,656,null
658,NA,2018,Crimes Against the Person,Other,N/A,F,Adult,45-54,345,657,null
659,NA,2018,Crimes Against the Person,Other,N/A,F,Adult,55-64,171,658,null
660,NA,2018,Crimes Against the Person,Other,N/A,F,Adult,65+,117,659,null
661,NA,2018,Crimes Against the Person,Other,N/A,F,Unknown,Unknown,107,661,null
662,NA,2018,Crimes Against the Person,Other,N/A,F,Youth,12-17,228,662,null
663,NA,2018,Crimes Against the Person,Other,N/A,M,Adult,18-24,334,663,null
664,NA,2018,Crimes Against the Person,Other,N/A,M,Adult,25-34,501,664,null
665,NA,2018,Crimes Against the Person,Other,N/A,M,Adult,35-44,416,665,null
666,NA,2018,Crimes Against the Person,Other,N/A,M,Adult,45-54,397,666,null
667,NA,2018,Crimes Against the Person,Other,N/A,M,Adult,55-64,255,667,null
668,NA,2018,Crimes Against the Person,Other,N/A,M,Adult,65+,98,668,null
669,NA,2018,Crimes Against the Person,Other,N/A,M,Child,<12,64,669,null
670,NA,2018,Crimes Against the Person,Other,N/A,M,Unknown,Unknown,146,670,null
671,NA,2018,Crimes Against the Person,Other,N/A,M,Youth,12-17,168,671,null
672,NA,2018,Crimes Against the Person,Other,N/A,U,Adult,18-24,1,672,null
673,NA,2018,Crimes Against the Person,Other,N/A,U,Adult,25-34,2,673,null
674,NA,2018,Crimes Against the Person,Other,N/A,U,Adult,35-44,2,674,null
675,NA,2018,Crimes Against the Person,Robbery,N/A,U,Adult,18-24,1,675,null
676,NA,2020,Crimes Against the Person,Assault,Other,F,Adult,35-44,1582,676,null
677,NA,2018,Crimes Against the Person,Sexual Violation,N/A,F,Adult,18-24,644,677,null
678,NA,2018,Crimes Against the Person,Sexual Violation,N/A,F,Adult,25-34,515,678,null
679,NA,2020,Crimes Against the Person,Assault,Other,F,Adult,45-54,961,679,null
680,NA,2018,Crimes Against the Person,Sexual Violation,N/A,F,Adult,35-44,231,680,null
681,NA,2020,Crimes Against the Person,Assault,Other,F,Adult,55-64,562,681,null
682,NA,2018,Crimes Against the Person,Sexual Violation,N/A,F,Adult,45-54,127,682,null
683,NA,2020,Crimes Against the Person,Assault,Other,F,Adult,65+,403,683,null
684,NA,2018,Crimes Against the Person,Sexual Violation,N/A,F,Adult,55-64,75,684,null
685,NA,2020,Crimes Against the Person,Assault,Other,F,Child,<12,203,685,null
686,NA,2018,Crimes Against the Person,Sexual Violation,N/A,F,Adult,65+,51,686,null
687,NA,2020,Crimes Against the Person,Assault,Other,F,Unknown,Unknown,73,687,null
688,NA,2019,Crimes Against the Person,Assault,Assault Peace Officer Weapon/Bodily Harm,U,Unknown,Unknown,3,688,null
689,NA,2018,Crimes Against the Person,Sexual Violation,N/A,F,Child,<12,214,689,null
690,NA,2020,Crimes Against the Person,Assault,Other,F,Youth,12-17,350,690,null
691,NA,2019,Crimes Against the Person,Assault,Assault Resist Arrest,F,Adult,18-24,13,691,null
692,NA,2018,Crimes Against the Person,Sexual Violation,N/A,F,Unknown,Unknown,42,692,null
693,NA,2020,Crimes Against the Person,Assault,Other,M,Adult,18-24,1059,693,null
694,NA,2019,Crimes Against the Person,Assault,Assault Resist Arrest,F,Adult,25-34,10,694,null
695,NA,2018,Crimes Against the Person,Sexual Violation,N/A,F,Youth,12-17,520,695,null
696,NA,2020,Crimes Against the Person,Assault,Other,M,Adult,25-34,1928,696,null
697,NA,2020,Crimes Against the Person,Assault,Other,M,Adult,35-44,1367,697,null
698,NA,2020,Crimes Against the Person,Assault,Other,M,Adult,45-54,1266,698,null
699,NA,2020,Crimes Against the Person,Assault,Other,M,Adult,55-64,1000,699,null
700,NA,2020,Crimes Against the Person,Assault,Other,M,Adult,65+,507,700,null
701,NA,2020,Crimes Against the Person,Assault,Other,M,Child,<12,288,701,null
702,NA,2020,Crimes Against the Person,Assault,Other,M,Unknown,Unknown,181,702,null
703,NA,2020,Crimes Against the Person,Assault,Other,M,Youth,12-17,356,703,null
704,NA,2020,Crimes Against the Person,Assault,Other,U,Adult,18-24,1,704,null
705,NA,2020,Crimes Against the Person,Assault,Other,U,Adult,25-34,7,705,null
706,NA,2020,Crimes Against the Person,Assault,Other,U,Adult,35-44,2,706,null
707,NA,2020,Crimes Against the Person,Assault,Other,U,Adult,45-54,2,707,null
708,NA,2020,Crimes Against the Person,Assault,Other,U,Adult,55-64,3,708,null
709,NA,2020,Crimes Against the Person,Assault,Other,U,Adult,65+,1,709,null
710,NA,2020,Crimes Against the Person,Assault,Other,U,Unknown,Unknown,56,710,null
711,NA,2020,Crimes Against the Person,Assault,Other,U,Youth,12-17,1,711,null
712,NA,2020,Crimes Against the Person,Other,N/A,F,Adult,18-24,314,712,null
713,NA,2020,Crimes Against the Person,Other,N/A,F,Adult,25-34,485,713,null
714,NA,2020,Crimes Against the Person,Other,N/A,F,Adult,35-44,347,714,null
715,NA,2020,Crimes Against the Person,Other,N/A,F,Adult,45-54,250,715,null
716,NA,2020,Crimes Against the Person,Other,N/A,F,Adult,55-64,129,716,null
717,NA,2020,Crimes Against the Person,Other,N/A,F,Adult,65+,71,717,null
718,NA,2020,Crimes Against the Person,Other,N/A,F,Child,<12,51,718,null
719,NA,2020,Crimes Against the Person,Other,N/A,F,Unknown,Unknown,39,719,null
720,NA,2019,Crimes Against the Person,Assault,Assault Resist Arrest,F,Adult,35-44,2,720,null
721,NA,2018,Crimes Against the Person,Sexual Violation,N/A,M,Adult,18-24,53,721,null
722,NA,2019,Crimes Against the Person,Assault,Assault Resist Arrest,F,Adult,45-54,1,722,null
723,NA,2018,Crimes Against the Person,Sexual Violation,N/A,M,Adult,25-34,54,723,null
724,NA,2019,Crimes Against the Person,Assault,Assault Resist Arrest,F,Adult,55-64,2,724,null
725,NA,2018,Crimes Against the Person,Sexual Violation,N/A,M,Adult,35-44,34,725,null
726,NA,2019,Crimes Against the Person,Assault,Assault Resist Arrest,F,Adult,65+,1,726,null
727,NA,2018,Crimes Against the Person,Sexual Violation,N/A,M,Adult,45-54,18,727,null
728,NA,2019,Crimes Against the Person,Assault,Assault Resist Arrest,F,Unknown,Unknown,5,728,null
729,NA,2018,Crimes Against the Person,Sexual Violation,N/A,M,Adult,55-64,7,729,null
730,NA,2018,Crimes Against the Person,Sexual Violation,N/A,M,Adult,65+,4,730,null
731,NA,2019,Crimes Against the Person,Sexual Violation,N/A,M,Adult,35-44,22,731,null
732,NA,2019,Crimes Against the Person,Sexual Violation,N/A,M,Adult,45-54,18,732,null
733,NA,2018,Crimes Against the Person,Sexual Violation,N/A,M,Child,<12,81,733,null
734,NA,2019,Crimes Against the Person,Sexual Violation,N/A,M,Adult,55-64,11,734,null
735,NA,2018,Crimes Against the Person,Sexual Violation,N/A,M,Unknown,Unknown,10,735,null
736,NA,2019,Crimes Against the Person,Sexual Violation,N/A,M,Adult,65+,6,736,null
737,NA,2018,Crimes Against the Person,Sexual Violation,N/A,M,Youth,12-17,77,737,null
738,NA,2019,Crimes Against the Person,Sexual Violation,N/A,M,Child,<12,114,738,null
739,NA,2018,Crimes Against the Person,Sexual Violation,N/A,U,Adult,25-34,1,739,null
740,NA,2019,Crimes Against the Person,Sexual Violation,N/A,M,Unknown,Unknown,4,740,null
741,NA,2018,Crimes Against the Person,Sexual Violation,N/A,U,Adult,45-54,1,741,null
742,NA,2019,Crimes Against the Person,Sexual Violation,N/A,M,Youth,12-17,92,742,null
743,NA,2018,Crimes Against the Person,Sexual Violation,N/A,U,Child,<12,1,743,null
744,NA,2019,Crimes Against the Person,Sexual Violation,N/A,U,Child,<12,1,744,null
745,NA,2019,Crimes Against the Person,Assault,Assault Resist Arrest,M,Adult,18-24,81,745,null
746,NA,2018,Crimes Against the Person,Sexual Violation,N/A,U,Unknown,Unknown,6,746,null
747,NA,2019,Crimes Against the Person,Sexual Violation,N/A,U,Unknown,Unknown,3,747,null
748,NA,2019,Crimes Against the Person,Sexual Violation,N/A,U,Youth,12-17,2,748,null
749,NA,2020,Crimes Against the Person,Assault,Aggravated Peace Officer,M,Adult,25-34,1,749,null
750,NA,2020,Crimes Against the Person,Assault,Aggravated Peace Officer,M,Unknown,Unknown,2,750,null
751,NA,2020,Crimes Against the Person,Assault,Assault Peace Officer,F,Adult,18-24,3,751,null
752,NA,2020,Crimes Against the Person,Assault,Assault Peace Officer,F,Adult,25-34,14,752,null
753,NA,2020,Crimes Against the Person,Assault,Assault Peace Officer,F,Adult,35-44,9,753,null
754,NA,2020,Crimes Against the Person,Assault,Assault Peace Officer,F,Adult,45-54,7,754,null
755,NA,2020,Crimes Against the Person,Assault,Assault Peace Officer,F,Adult,65+,1,755,null
756,NA,2020,Crimes Against the Person,Assault,Assault Peace Officer,F,Unknown,Unknown,63,756,null
757,NA,2020,Crimes Against the Person,Assault,Assault Peace Officer,M,Adult,18-24,11,757,null
758,NA,2020,Crimes Against the Person,Assault,Assault Peace Officer,M,Adult,25-34,57,758,null
759,NA,2020,Crimes Against the Person,Assault,Assault Peace Officer,M,Adult,35-44,26,759,null
760,NA,2020,Crimes Against the Person,Assault,Assault Peace Officer,M,Adult,45-54,21,760,null
761,NA,2020,Crimes Against the Person,Assault,Assault Peace Officer,M,Adult,55-64,12,761,null
762,NA,2020,Crimes Against the Person,Assault,Assault Peace Officer,M,Adult,65+,16,762,null
763,NA,2020,Crimes Against the Person,Assault,Assault Peace Officer,M,Unknown,Unknown,291,763,null
764,NA,2020,Crimes Against the Person,Assault,Assault Peace Officer,U,Unknown,Unknown,11,764,null
765,NA,2020,Crimes Against the Person,Assault,Assault Peace Officer Weapon/Bodily Harm,F,Adult,35-44,1,765,null
766,NA,2020,Crimes Against the Person,Assault,Assault Peace Officer Weapon/Bodily Harm,F,Adult,55-64,1,766,null
767,NA,2020,Crimes Against the Person,Assault,Assault Peace Officer Weapon/Bodily Harm,F,Unknown,Unknown,12,767,null
768,NA,2020,Crimes Against the Person,Assault,Assault Peace Officer Weapon/Bodily Harm,M,Adult,18-24,1,768,null
769,NA,2020,Crimes Against the Person,Assault,Assault Peace Officer Weapon/Bodily Harm,M,Adult,25-34,2,769,null
770,NA,2020,Crimes Against the Person,Assault,Assault Peace Officer Weapon/Bodily Harm,M,Adult,35-44,9,770,null
771,NA,2020,Crimes Against the Person,Assault,Assault Peace Officer Weapon/Bodily Harm,M,Adult,45-54,7,771,null
772,NA,2020,Crimes Against the Person,Assault,Assault Peace Officer Weapon/Bodily Harm,M,Adult,55-64,2,772,null
773,NA,2020,Crimes Against the Person,Assault,Assault Peace Officer Weapon/Bodily Harm,M,Adult,65+,1,773,null
774,NA,2019,Crimes Against the Person,Assault,Aggravated Peace Officer,F,Unknown,Unknown,1,774,null
775,NA,2019,Crimes Against the Person,Assault,Aggravated Peace Officer,M,Unknown,Unknown,1,775,null
776,NA,2019,Crimes Against the Person,Assault,Assault Peace Officer,F,Adult,18-24,1,776,null
777,NA,2019,Crimes Against the Person,Assault,Assault Peace Officer,F,Adult,25-34,18,777,null
778,NA,2019,Crimes Against the Person,Assault,Assault Peace Officer,F,Adult,35-44,11,778,null
779,NA,2019,Crimes Against the Person,Assault,Assault Peace Officer,F,Adult,45-54,4,779,null
780,NA,2019,Crimes Against the Person,Assault,Assault Peace Officer,F,Adult,55-64,1,780,null
781,NA,2019,Crimes Against the Person,Assault,Assault Resist Arrest,M,Adult,25-34,91,781,null
782,NA,2019,Crimes Against the Person,Assault,Assault Resist Arrest,M,Adult,35-44,30,782,null
783,NA,2019,Crimes Against the Person,Assault,Assault Resist Arrest,M,Adult,45-54,30,783,null
784,NA,2019,Crimes Against the Person,Assault,Assault Resist Arrest,M,Adult,55-64,12,784,null
785,NA,2019,Crimes Against the Person,Assault,Assault Resist Arrest,M,Adult,65+,5,785,null
786,NA,2019,Crimes Against the Person,Assault,Assault Resist Arrest,M,Unknown,Unknown,62,786,null
787,NA,2019,Crimes Against the Person,Assault,Assault Resist Arrest,U,Unknown,Unknown,2,787,null
788,NA,2019,Crimes Against the Person,Assault,Other,F,Adult,18-24,1407,788,null
789,NA,2019,Crimes Against the Person,Assault,Other,F,Adult,25-34,2299,789,null
790,NA,2019,Crimes Against the Person,Assault,Other,F,Adult,35-44,1647,790,null
791,NA,2019,Crimes Against the Person,Assault,Other,F,Adult,45-54,1068,791,null
792,NA,2019,Crimes Against the Person,Assault,Other,F,Adult,55-64,616,792,null
793,NA,2019,Crimes Against the Person,Assault,Other,F,Adult,65+,448,793,null
794,NA,2019,Crimes Against the Person,Assault,Other,F,Child,<12,308,794,null
795,NA,2019,Crimes Against the Person,Assault,Other,F,Unknown,Unknown,129,795,null
796,NA,2019,Crimes Against the Person,Assault,Other,F,Youth,12-17,599,796,null
797,NA,2019,Crimes Against the Person,Assault,Other,M,Adult,18-24,1365,797,null
798,NA,2019,Crimes Against the Person,Assault,Other,M,Adult,25-34,2114,798,null
799,NA,2019,Crimes Against the Person,Assault,Other,M,Adult,35-44,1569,799,null
800,NA,2019,Crimes Against the Person,Assault,Other,M,Adult,45-54,1324,800,null
801,NA,2020,Crimes Against the Person,Other,N/A,F,Youth,12-17,128,801,null
802,NA,2020,Crimes Against the Person,Other,N/A,M,Adult,18-24,237,802,null
803,NA,2020,Crimes Against the Person,Other,N/A,M,Adult,25-34,400,803,null
804,NA,2020,Crimes Against the Person,Other,N/A,M,Adult,35-44,273,804,null
805,NA,2020,Crimes Against the Person,Other,N/A,M,Adult,45-54,244,805,null
806,NA,2020,Crimes Against the Person,Other,N/A,M,Adult,55-64,179,806,null
807,NA,2020,Crimes Against the Person,Other,N/A,M,Adult,65+,60,807,null
808,NA,2020,Crimes Against the Person,Other,N/A,M,Child,<12,74,808,null
809,NA,2020,Crimes Against the Person,Other,N/A,M,Unknown,Unknown,74,809,null
810,NA,2020,Crimes Against the Person,Other,N/A,M,Youth,12-17,96,810,null
811,NA,2020,Crimes Against the Person,Other,N/A,U,Adult,18-24,1,811,null
812,NA,2020,Crimes Against the Person,Other,N/A,U,Adult,25-34,1,812,null
813,NA,2020,Crimes Against the Person,Other,N/A,U,Adult,45-54,4,813,null
814,NA,2020,Crimes Against the Person,Other,N/A,U,Child,<12,1,814,null
815,NA,2020,Crimes Against the Person,Other,N/A,U,Unknown,Unknown,11,815,null
816,NA,2020,Crimes Against the Person,Other,N/A,U,Youth,12-17,1,816,null
817,NA,2020,Crimes Against the Person,Robbery,N/A,F,Adult,18-24,135,817,null
818,NA,2020,Crimes Against the Person,Robbery,N/A,F,Adult,25-34,138,818,null
819,NA,2020,Crimes Against the Person,Robbery,N/A,F,Adult,35-44,102,819,null
820,NA,2020,Crimes Against the Person,Robbery,N/A,F,Adult,45-54,117,820,null
821,NA,2020,Crimes Against the Person,Robbery,N/A,F,Adult,55-64,65,821,null
822,NA,2020,Crimes Against the Person,Robbery,N/A,F,Adult,65+,46,822,null
823,NA,2020,Crimes Against the Person,Robbery,N/A,F,Child,<12,4,823,null
824,NA,2020,Crimes Against the Person,Robbery,N/A,F,Unknown,Unknown,9,824,null
825,NA,2020,Crimes Against the Person,Robbery,N/A,F,Youth,12-17,49,825,null
826,NA,2020,Crimes Against the Person,Robbery,N/A,M,Adult,18-24,448,826,null
827,NA,2020,Crimes Against the Person,Robbery,N/A,M,Adult,25-34,380,827,null
828,NA,2020,Crimes Against the Person,Robbery,N/A,M,Adult,35-44,205,828,null
829,NA,2020,Crimes Against the Person,Robbery,N/A,M,Adult,45-54,189,829,null
830,NA,2020,Crimes Against the Person,Robbery,N/A,M,Adult,55-64,138,830,null
831,NA,2020,Crimes Against the Person,Robbery,N/A,M,Adult,65+,83,831,null
832,NA,2020,Crimes Against the Person,Robbery,N/A,M,Child,<12,4,832,null
833,NA,2020,Crimes Against the Person,Robbery,N/A,M,Unknown,Unknown,22,833,null
834,NA,2020,Crimes Against the Person,Robbery,N/A,M,Youth,12-17,235,834,null
835,NA,2020,Crimes Against the Person,Sexual Violation,N/A,F,Adult,18-24,450,835,null
836,NA,2020,Crimes Against the Person,Sexual Violation,N/A,F,Adult,25-34,456,836,null
837,NA,2020,Crimes Against the Person,Sexual Violation,N/A,F,Adult,35-44,221,837,null
838,NA,2020,Crimes Against the Person,Sexual Violation,N/A,F,Adult,45-54,105,838,null
839,NA,2020,Crimes Against the Person,Sexual Violation,N/A,F,Adult,55-64,51,839,null
840,NA,2020,Crimes Against the Person,Sexual Violation,N/A,F,Adult,65+,57,840,null
841,NA,2020,Crimes Against the Person,Sexual Violation,N/A,F,Child,<12,209,841,null
842,NA,2020,Crimes Against the Person,Sexual Violation,N/A,F,Unknown,Unknown,20,842,null
843,NA,2020,Crimes Against the Person,Sexual Violation,N/A,F,Youth,12-17,392,843,null
844,NA,2020,Crimes Against the Person,Sexual Violation,N/A,M,Adult,18-24,29,844,null
845,NA,2020,Crimes Against the Person,Sexual Violation,N/A,M,Adult,25-34,42,845,null
846,NA,2020,Crimes Against the Person,Sexual Violation,N/A,M,Adult,35-44,15,846,null
847,NA,2020,Crimes Against the Person,Sexual Violation,N/A,M,Adult,45-54,15,847,null
848,NA,2020,Crimes Against the Person,Sexual Violation,N/A,M,Adult,55-64,7,848,null
849,NA,2020,Crimes Against the Person,Sexual Violation,N/A,M,Adult,65+,3,849,null
850,NA,2020,Crimes Against the Person,Sexual Violation,N/A,M,Child,<12,85,850,null
851,NA,2020,Crimes Against the Person,Sexual Violation,N/A,M,Unknown,Unknown,9,851,null
852,NA,2020,Crimes Against the Person,Sexual Violation,N/A,M,Youth,12-17,59,852,null
853,NA,2020,Crimes Against the Person,Sexual Violation,N/A,U,Adult,25-34,1,853,null
854,NA,2020,Crimes Against the Person,Sexual Violation,N/A,U,Unknown,Unknown,2,854,null
